owner_category,owner_name,parcels,total_lot_acres,avg_lot_sqft,total_assessed_value,cities
1 Federal,UNITED STATES AMERICA,28,1371.1,2132972,0,"MOUNTAIN VIEW, PALO ALTO, SAN JOSE, SUNNYVALE"
1 Federal,UNITED STATES POSTAL SERVICE,18,79.7,192756,0,"CAMPBELL, CUPERTINO, PALO ALTO, SAN JOSE, SANTA CLARA"
1 Federal,USA,5,896.5,7810038,0,"MOUNTAIN VIEW, SUNNYVALE"
1 Federal,UNITED STATES AMER,2,292.6,6372913,0,"MOUNTAIN VIEW, SUNNYVALE"
1 Federal,VETERANS ADMINISTRATION,1,0.2,7500,867152,SAN JOSE
1 Federal,UNITED STATES OF,1,0.7,29621,0,SAN JOSE
1 Federal,UNITED STATES POSTAL SVC,1,1.9,82981,0,SAN JOSE
1 Federal,UNITED STATES POST SERVICE,1,1.4,61420,0,SANTA CLARA
2 Santa Clara County,SANTA CLARA COUNTY,284,12730.2,1957878,0,"CAMPBELL, CUPERTINO, MOUNTAIN VIEW, PALO ALTO, SAN JOSE, SANTA CLARA, SUNNYVALE"
2 Santa Clara County,COUNTY OF SANTA CLARA,64,966.1,657819,55872386,"CAMPBELL, CUPERTINO, SAN JOSE, SANTA CLARA, SUNNYVALE"
2 Santa Clara County,SANTA CLARA VTA,44,56.8,70990,0,"SAN JOSE, SANTA CLARA, SUNNYVALE"
2 Santa Clara County,SANTA CLARA COUNTY TRANSIT DIST,38,220.5,253766,0,"MOUNTAIN VIEW, SAN JOSE, SANTA CLARA, SUNNYVALE"
2 Santa Clara County,SANTA CLARA VALLEY WATER DISTR,26,1776.0,2976539,0,SAN JOSE
2 Santa Clara County,SANTA CLARA VALLEY TRANS AUTHORITY,17,23.0,58975,11307499,SAN JOSE
2 Santa Clara County,SANTA CLARA VALLEY WATER DISTRICT,12,6.7,24169,2141834,"CAMPBELL, CUPERTINO, SAN JOSE"
2 Santa Clara County,VALLEY WATER SANTA CLARA,11,3.4,16187,0,"MOUNTAIN VIEW, SAN JOSE"
2 Santa Clara County,SANTA CLARA COUNTY (CA),11,764.3,3026610,0,"CUPERTINO, MOUNTAIN VIEW, SAN JOSE"
2 Santa Clara County,SANTA CLARA VALLEY OPEN SPACE AUTHORITY,10,2572.8,11206931,0,SAN JOSE
2 Santa Clara County,SANTA CLARA COUNTY OPEN SPACE,9,571.1,2764269,0,SAN JOSE
2 Santa Clara County,SANTA CLARA VALLEY HABITAT AGENCY,8,2195.2,11952639,7425852,SAN JOSE
2 Santa Clara County,SANTA CLARA COUNTY HOUSING AUTHORIT,5,3.5,30384,11911166,SAN JOSE
2 Santa Clara County,SANTA CLARA COU TRANSIT DIST,5,4.8,42184,0,"MOUNTAIN VIEW, SAN JOSE"
2 Santa Clara County,SANTA CLARA VALLEY WATER DIST,5,14.9,129724,0,SAN JOSE
2 Santa Clara County,SANTA CLARA OPEN SPACE AUTHORI,3,543.2,7887844,0,SAN JOSE
2 Santa Clara County,SANTA CALRA VALLEY TRANS AUTHORITY,2,0.7,15560,0,SAN JOSE
2 Santa Clara County,SANTA CLARA COUNTY OFFICE OF EDUC,2,10.0,217800,0,SAN JOSE
2 Santa Clara County,SANTA CLARA VTA SCVTA,2,3.4,73798,0,CAMPBELL
2 Santa Clara County,SANTA CLARA COUNTY BOARD EDUCATION,2,2.8,60222,0,SAN JOSE
2 Santa Clara County,SANTA CLARA COUNTY TRANSIT DISTRICT,2,0.9,20401,0,SAN JOSE
2 Santa Clara County,SANTA CLARA CNTY CTRL FIRE PRO,1,2.1,91040,0,CAMPBELL
2 Santa Clara County,SANTA CLARA VLY TRANS AUTH VTA,1,0.6,25264,0,SAN JOSE
2 Santa Clara County,SANTA CLARA VTA EL AL,1,0.2,10083,0,SAN JOSE
2 Santa Clara County,SANTA CLARA COUNTY TRANSIT,1,0.4,18700,0,SAN JOSE
2 Santa Clara County,SANTA CLARA COUNTY CTRL FIRE,1,0.7,31910,0,CUPERTINO
2 Santa Clara County,SANTA CLARA COUNTY TRANSIT DIS,1,0.7,29650,0,SUNNYVALE
2 Santa Clara County,SANTA CLARA COUNTY VECTOR CONT,1,1.8,77972,0,SAN JOSE
2 Santa Clara County,SC VALLEY WATER DISTRICT,1,0.2,7250,0,SAN JOSE
2 Santa Clara County,SANTA CLARA COUNTY LEASE SANTA CLARA CO PUB,1,1.7,72278,0,SAN JOSE
2 Santa Clara County,SANTA CLARA COUNTY CORRECTIONA,1,0.2,7026,732242,SAN JOSE
2 Santa Clara County,FIRST 5 SANTA CLARA COUNTY,1,0.9,40075,0,SAN JOSE
3 Municipal,SAN JOSE CITY,653,4235.1,287470,92547,"CUPERTINO, SAN JOSE, SANTA CLARA"
3 Municipal,CITY OF SAN JOSE,126,507.7,180421,17839983,SAN JOSE
3 Municipal,SANTA CLARA CITY,97,432.3,194133,14291,"SAN JOSE, SANTA CLARA"
3 Municipal,SUNNYVALE CITY,81,432.0,235580,0,SUNNYVALE
3 Municipal,MT VIEW CITY,80,551.8,300565,0,"MOUNTAIN VIEW, SUNNYVALE"
3 Municipal,PALO ALTO CITY,78,2471.3,1380128,0,PALO ALTO
3 Municipal,SAN JOSE CITY (CA),55,68.0,53860,827061,SAN JOSE
3 Municipal,CITY OF CUPERTINO,50,26.4,23011,173323499,"CUPERTINO, SAN JOSE"
3 Municipal,SAN FRANCISCO CITY & COUNTY OF,36,74.4,90079,3307092,"MOUNTAIN VIEW, PALO ALTO, SAN JOSE, SANTA CLARA, SUNNYVALE"
3 Municipal,CUPERTINO CITY,26,174.4,292588,0,CUPERTINO
3 Municipal,CITY OF MOUNTAIN VIEW,22,322.8,639079,16814844,MOUNTAIN VIEW
3 Municipal,CITY OF SANTA CLARA,21,151.3,323038,157078080,SANTA CLARA
3 Municipal,CAMPBELL CITY,18,36.4,87983,0,CAMPBELL
3 Municipal,SAN FRANCISCO CITY & CO OF SFPUC,14,706.6,2198450,1958346,"MOUNTAIN VIEW, PALO ALTO, SAN JOSE, SUNNYVALE"
3 Municipal,SAN FRANCISCO CITY & CO OF,13,29.6,99032,2120470,"MOUNTAIN VIEW, PALO ALTO, SAN JOSE, SUNNYVALE"
3 Municipal,CITY OF PALO ALTO,9,198.9,962739,8387537,PALO ALTO
3 Municipal,CITY OF SUNNYVALE,9,16.8,81448,4596847,SUNNYVALE
3 Municipal,CITY OF CAMPBELL,8,20.9,113935,83447665,CAMPBELL
3 Municipal,CITY OF SAN JOSE-PUBLIC WORKS,7,44.8,278697,0,SAN JOSE
3 Municipal,SANTA CLARA CITY OF SPORTS & OPEN S,5,45.5,396487,0,SANTA CLARA
3 Municipal,SUNNYVALE CITY (CA),4,3.5,38016,690489,SUNNYVALE
3 Municipal,CITY OF SAN JOSE PUBLIC WORKS,3,3.1,45443,0,SAN JOSE
3 Municipal,REDEVELOPMENT AGENCY SAN JOSE,3,0.7,10457,0,SAN JOSE
3 Municipal,MOUNTAIN VIEW CITY (CA),3,2.1,29938,7199499,MOUNTAIN VIEW
3 Municipal,SAN JOSE CITY RE DIV,2,0.9,23792,0,SAN JOSE
3 Municipal,PALO ALTO CITY (CA),2,9.5,206788,0,PALO ALTO
3 Municipal,REDEV AGENCY CITY SAN JOSE,2,0.7,15814,0,SAN JOSE
3 Municipal,SAN FRANCISCO CITY & COUNTY OF SFPU,2,2.8,62059,727129,MOUNTAIN VIEW
3 Municipal,SAN FRANCISCO CITY & COUNTY OF SFPUC,2,3.5,75380,53412,SUNNYVALE
3 Municipal,SAN JOSE CITY FINANCING AUTHORITY,2,2.5,54382,0,SAN JOSE
3 Municipal,SAN JOSE CITY PUBLIC WORKS DEP,2,1.1,22988,0,SAN JOSE
3 Municipal,SANTA CLARA CITY (CA),2,9.4,205249,68089816,SANTA CLARA
3 Municipal,CUPERTINO CITY (CA),1,5.1,223898,0,CUPERTINO
3 Municipal,CITY OF SAN JOSE HOUSING,1,0.2,10000,0,SAN JOSE
3 Municipal,CAMPBELL CITY (CA),1,0.9,39990,0,CAMPBELL
3 Municipal,CITY OF SANTA CLARA CALIFORNIA,1,2.5,107593,6167167,SANTA CLARA
3 Municipal,CITY OF SAN JOSE RE SVCS & ASS,1,0.2,9322,0,SAN JOSE
3 Municipal,SAN JOSE CITY CITY CLERKS OFF,1,118.9,5180590,0,SAN JOSE
3 Municipal,SAN JOSE CITY DEPT OF PUBLIC W,1,0.3,11408,0,SAN JOSE
3 Municipal,SAN JOSE CITY DEPT OF TRANSPTN,1,0.0,7313,0,SAN JOSE
3 Municipal,SAN JOSE CITY ETAL,1,1.4,59039,0,SAN JOSE
3 Municipal,CITY OF MT VIEW,1,26.6,1158260,0,MOUNTAIN VIEW
3 Municipal,SAN JOSE CITY LEASE HEWLETT-PACKARD CO,1,7.1,310956,0,SAN JOSE
3 Municipal,SAN JOSE CITY LEASE SJ JET CENTER INC,1,15.2,660831,0,SAN JOSE
3 Municipal,SAN JOSE CITY OF 200 EDENVALE AVE HOT EL OWNERS LL,1,19.4,845265,0,SAN JOSE
3 Municipal,SAN JOSE CITY PUBLIC WORKS,1,0.8,35410,0,SAN JOSE
3 Municipal,CAMPBELL CITY REDEVELOPMENT AG,1,4.0,173368,0,CAMPBELL
3 Municipal,SAN JOSE CITY PUBLIC WORKS RE,1,1.3,56719,0,SAN JOSE
3 Municipal,MOUNTAIN VIEW CITY,1,2.8,123233,0,MOUNTAIN VIEW
3 Municipal,CITY OF SAN JOSE REAL ESTATE,1,3.0,129808,0,SAN JOSE
3 Municipal,SAN JOSE CITY SPECIALTY RESTAURANTS CORP,1,3.0,129995,0,SAN JOSE
3 Municipal,REDEV AGENCY CITY SUNNYVALE,1,2.0,85125,78,SUNNYVALE
3 Municipal,MILPITAS CITY,1,4.9,213359,0,SAN JOSE
3 Municipal,JOSE CITY OF PUBLIC WORKS RE,1,1.5,63398,0,SAN JOSE
3 Municipal,HOUSING AUTHORITY SANTA CLARA,1,0.2,6600,0,SANTA CLARA
4 School / Public Ed,SAN JOSE UNIFIED S D,44,396.0,408377,0,SAN JOSE
4 School / Public Ed,ROCK UNION S D ALUM,27,267.0,430684,0,SAN JOSE
4 School / Public Ed,GROVE S D OAK,21,218.4,453027,0,SAN JOSE
4 School / Public Ed,UNION S D CUPERTINO,20,226.8,494053,0,"CUPERTINO, SAN JOSE, SUNNYVALE"
4 School / Public Ed,UNION S D BERRYESSA,19,183.9,421545,0,SAN JOSE
4 School / Public Ed,SIDE UNION H S D EAST,19,423.8,1070195,0,SAN JOSE
4 School / Public Ed,S D EVERGREEN,19,155.5,374114,0,SAN JOSE
4 School / Public Ed,SANTA CLARA UNIFIED S D,18,244.3,591272,0,"SANTA CLARA, SUNNYVALE"
4 School / Public Ed,MCKINLEY S D FRANKLIN,17,147.2,377228,0,SAN JOSE
4 School / Public Ed,UNION S D CAMPBELL,15,119.4,346822,0,"CAMPBELL, SAN JOSE"
4 School / Public Ed,PALO ALTO UNIFIED S D,14,213.4,663866,0,PALO ALTO
4 School / Public Ed,S D SUNNYVALE,14,82.8,257533,0,SUNNYVALE
4 School / Public Ed,S D UNION,13,167.8,562214,0,"CAMPBELL, SAN JOSE"
4 School / Public Ed,S D MORELAND,12,133.4,484203,0,"CAMPBELL, SAN JOSE"
4 School / Public Ed,PLEASANT S D MT,8,24.7,361184,0,SAN JOSE
4 School / Public Ed,WEST VALLEYMISSION COMMUNITY COLLEGE DIST,6,116.0,842275,0,SANTA CLARA
4 School / Public Ed,REGENTS OF UNIVERSITY/CALIFORNIA,6,1653.9,12007207,0,SAN JOSE
4 School / Public Ed,LOS ALTOS SCHOOL DISTRICT,5,11.7,101930,0,MOUNTAIN VIEW
4 School / Public Ed,UNION H S D CAMPBELL,5,119.9,1101125,0,SAN JOSE
4 School / Public Ed,UNION H S D FREMONT,5,96.9,1134190,0,"CUPERTINO, SAN JOSE"
4 School / Public Ed,VIEW S D MT,3,19.8,286920,0,MOUNTAIN VIEW
4 School / Public Ed,ELEMENTARY S D EVERGREEN,3,17.4,251983,0,SAN JOSE
4 School / Public Ed,MORGAN HILL UNIFIED S D,3,16.0,394812,0,SAN JOSE
4 School / Public Ed,EVERGREEN SCHOOL DISTRICT,3,3.6,52853,0,SAN JOSE
4 School / Public Ed,S D CAMBRIAN,3,26.3,381295,0,SAN JOSE
4 School / Public Ed,PALO ALTO UNIFIED SCHOOL DIST,2,6.7,145740,0,PALO ALTO
4 School / Public Ed,ORCHARD SCHOOL DIST,2,14.2,308208,0,SAN JOSE
4 School / Public Ed,PALO ALTO UNIFIED SCHOOL DISTR,2,3.4,74350,0,PALO ALTO
4 School / Public Ed,SAN JOSE COMMUNITY COLLEGE,2,19.7,428194,0,SAN JOSE
4 School / Public Ed,SAN JOSE EVERGREEN CMNTY COLLEGE DI,2,118.5,2580494,0,SAN JOSE
4 School / Public Ed,SAN JOSE STATE UNIVERSITY FOUN,2,2.3,49673,2755205,SAN JOSE
4 School / Public Ed,SAN JOSE UNIFIED SCHOOL DISTRI,2,4.1,88216,0,SAN JOSE
4 School / Public Ed,UNIFIED S D SAN JOSE,2,9.5,206692,0,SAN JOSE
4 School / Public Ed,UNION SCHOOL DISTRICT,2,5.7,123100,0,SAN JOSE
4 School / Public Ed,WEST VALLEY MISSION CMNTY COLLEGE D,2,26.7,582180,0,SANTA CLARA
4 School / Public Ed,SAN JOSE EVERGREEN COMN COLLEGE DIST,1,6.1,263538,0,SAN JOSE
4 School / Public Ed,CAMPBELL UNION SCHOOL DISTRICT,1,0.6,24720,0,SAN JOSE
4 School / Public Ed,SAN JOSE UNIFIED SCH DISTRICT,1,0.4,19544,0,SAN JOSE
4 School / Public Ed,SAN JOSE UNIFIED SCHOOL DIST,1,0.2,9453,0,SAN JOSE
4 School / Public Ed,CAMPBELL UNION HIGH SCHOOL DISTRICT,1,3.6,158122,0,CAMPBELL
4 School / Public Ed,HILL UNIFIED S D MORGAN,1,9.3,406787,0,SAN JOSE
4 School / Public Ed,SANTA CLARA UNIFIED SCH DIST,1,7.8,338106,0,SANTA CLARA
4 School / Public Ed,SANTA CLARA UNIFIED SCH DISTRI,1,1.2,52707,0,SANTA CLARA
4 School / Public Ed,SANTA CLARA UNIFIED SCHOOL DIS,1,9.9,429253,0,SUNNYVALE
4 School / Public Ed,GREGORY S D AUGUSTA,1,0.1,6000,910791,MOUNTAIN VIEW
4 School / Public Ed,S D BURBANK,1,0.4,16419,0,SAN JOSE
4 School / Public Ed,GAVILAN COMMUNITY COLLEGE DISTRICT,1,20.0,871200,0,SAN JOSE
4 School / Public Ed,GAVILAN COMMUN COLLEGE DISTRICT,1,35.0,1524164,0,SAN JOSE
4 School / Public Ed,FRANKLIN MCKINLEY SCHOOL DISTRICT,1,17.0,738864,0,SAN JOSE
4 School / Public Ed,FOOTHILL COMMUNITY COLLEGE,1,8.5,371131,0,CUPERTINO
4 School / Public Ed,EVERGREEN S D SCC,1,8.5,368939,0,SAN JOSE
4 School / Public Ed,S D WHISMAN,1,12.8,557746,0,MOUNTAIN VIEW
4 School / Public Ed,EVERGREEN ELEMENTARY SCHOOL DI,1,1.5,67260,0,SAN JOSE
4 School / Public Ed,SUNNYVALE SCHOOL DISTRICT,1,9.3,405108,0,SUNNYVALE
4 School / Public Ed,BERRYESSA UNION SCHOOL DISTRICT,1,1.0,42253,0,SAN JOSE
4 School / Public Ed,CUPERTINO UNION SCHOOL DISTRICT,1,3.6,155945,0,CUPERTINO
4 School / Public Ed,CUPERTINO UNION SCHOOL DISTRIC,1,1.5,64468,0,CUPERTINO
4 School / Public Ed,VIEW UNION H S D MT,1,1.3,56628,0,MOUNTAIN VIEW
4 School / Public Ed,ALTOS S D LOS,1,10.3,446530,0,MOUNTAIN VIEW
4 School / Public Ed,NAGA S D R SRIPATHY,1,0.1,6380,835683,SAN JOSE
4 School / Public Ed,REGENTS OF UNIVERSITY,1,4.0,174240,0,SANTA CLARA
4 School / Public Ed,MORGAN HILL UNIFIED SCH DIST,1,19.3,841196,0,SAN JOSE
4 School / Public Ed,LEE WILLIE S D,1,0.2,7440,125621,MOUNTAIN VIEW
4 School / Public Ed,ROCK UNION S D LESSOR ALUM,1,13.9,605484,0,SAN JOSE
4 School / Public Ed,UNION S D ALMADEN,1,10.3,448269,0,SAN JOSE
4 School / Public Ed,CROTHERS S D & GLINIECKI C,1,0.1,6100,358420,PALO ALTO
5 State of California,CALIFORNIA STATE,118,12254.2,4524075,0,"CAMPBELL, CUPERTINO, MOUNTAIN VIEW, SAN JOSE, SANTA CLARA, SUNNYVALE"
5 State of California,STATE CALIFORNIA,42,1178.9,1249273,0,"CAMPBELL, SAN JOSE, SANTA CLARA"
5 State of California,STATE OF CALIFORNIA,15,2010.1,5837400,0,"CAMPBELL, SAN JOSE, SANTA CLARA, SUNNYVALE"
5 State of California,STATE OF CA DEPT OF TRANSPTN,5,8.5,73772,0,SAN JOSE
5 State of California,STATE OF CA,2,1.9,41812,0,SAN JOSE
5 State of California,STATE CALIFORNIA DEPARTMENT PARKS,1,136.5,5947246,0,SAN JOSE
5 State of California,STATE OF CALIFOR,1,8.0,349337,0,SAN JOSE
5 State of California,DEPT TRANSPORTATION & STATE CALIFORNIA,1,0.9,39204,0,CAMPBELL
5 State of California,STATE OF CALIFORNIA DEPT OF TRUST,1,0.0,51448,0,SAN JOSE
5 State of California,STATE OF CALIFORNIA RE UNIT,1,0.4,17548,0,SAN JOSE
